{
    "score": 1.2468515604643389,
    "scenario": {
        "wind_init_params": {
            "base_speed": 10.0,
            "base_max_rotation_angle_degree": 10,
            "pattern": [
                [
                    [
                        0.35646852558356146,
                        -0.934307331806982
                    ],
                    [
                        0.6992589013057678,
                        0.7148685116471772
                    ],
                    [
                        0.8014310601495227,
                        -0.5980871640719371
                    ]
                ],
                [
                    [
                        0.14882120793858644,
                        0.9888641201235385
                    ],
                    [
                        0.9988283793675582,
                        0.0483928566007135
                    ],
                    [
                        -0.6356876859250232,
                        -0.7719463491482352
                    ]
                ],
                [
                    [
                        0.9465620706326167,
                        0.3225216991764944
                    ],
                    [
                        0.835060118986356,
                        0.5501587022655307
                    ],
                    [
                        0.76847042459526,
                        0.6398853073187262
                    ]
                ]
            ]
        },
        "wind_evol_params": {
            "mean_rotation_angle_degree": 3.0,
            "std_rotation_angle_degree": 0.8
        }
    }
}