{
  "known_matching": {
    "training_1": {
      "score": 7.773206615536372,
      "l2": 254.24004405285962,
      "corr": -0.3442028672395903,
      "mean": 86.66,
      "std": 5.402258786840926,
      "elapsed": 1.6171364784240723
    },
    "training_2": {
      "score": 6.2595685403716566,
      "l2": 205.24132137559434,
      "corr": -0.07737105642988536,
      "mean": 78.02,
      "std": 10.89493460283264,
      "elapsed": 1.5032634735107422
    },
    "training_3": {
      "score": 2.4615058210630605,
      "l2": 50.25932749251625,
      "corr": 0.2718403643936323,
      "mean": 52.02,
      "std": 6.88909282852249,
      "elapsed": 1.1964540481567383
    },
    "additional_1": {
      "score": 1.8355994783028213,
      "l2": 40.54626986542659,
      "corr": 0.48766295950285526,
      "mean": 54.46,
      "std": 5.314922388897132,
      "elapsed": 1.1681265830993652
    },
    "additional_2": {
      "score": 1.540739551318885,
      "l2": 28.89636655359978,
      "corr": 0.5185938898765552,
      "mean": 50.16,
      "std": 2.9076450952617994,
      "elapsed": 1.1194007396697998
    },
    "additional_3": {
      "score": 1.863387971905766,
      "l2": 33.03028912982749,
      "corr": 0.39860890534539184,
      "mean": 50.36,
      "std": 3.735023426968029,
      "elapsed": 1.1065974235534668
    }
  },
  "best_known_scenario": "additional_2",
  "final_score": 1.540739551318885,
  "final_l2": 28.89636655359978,
  "final_corr": 0.5185938898765552,
  "final_sim_vec": [
    54.0,
    46.0,
    51.0,
    54.0,
    49.0,
    55.0,
    47.0,
    48.0,
    48.0,
    47.0,
    50.0,
    47.0,
    49.0,
    52.0,
    45.0,
    52.0,
    51.0,
    46.0,
    51.0,
    50.0,
    48.0,
    48.0,
    47.0,
    52.0,
    50.0,
    50.0,
    50.0,
    48.0,
    47.0,
    54.0,
    54.0,
    52.0,
    50.0,
    48.0,
    53.0,
    51.0,
    56.0,
    48.0,
    54.0,
    52.0,
    47.0,
    53.0,
    52.0,
    54.0,
    50.0,
    49.0,
    53.0,
    44.0,
    55.0,
    47.0
  ],
  "elapsed_total": 9.064759969711304,
  "predicted_scenario": {
    "wind_init_params": {
      "base_speed": 10.0,
      "base_max_rotation_angle_degree": 10,
      "pattern": [
        [
          [
            0.4,
            -0.9
          ],
          [
            0.7,
            0.7
          ],
          [
            0.9,
            -0.5
          ]
        ],
        [
          [
            0.2,
            1
          ],
          [
            1,
            0
          ],
          [
            -0.6,
            -0.8
          ]
        ],
        [
          [
            0.9,
            0.35
          ],
          [
            0.85,
            0.5
          ],
          [
            0.7,
            0.7
          ]
        ]
      ]
    },
    "wind_evol_params": {
      "mean_rotation_angle_degree": 3,
      "std_rotation_angle_degree": 0.8
    }
  }
}