{
  "known_matching": {
    "training_1": {
      "score": 22.118858740518668,
      "l2": 992.4066706748802,
      "corr": -0.1353626635105331,
      "mean": 86.66,
      "std": 5.402258786840926,
      "elapsed": 3.011505126953125
    },
    "training_2": {
      "score": 23.242139691184377,
      "l2": 1055.3752887006592,
      "corr": -0.06731695858559666,
      "mean": 78.02,
      "std": 10.89493460283264,
      "elapsed": 2.5496652126312256
    },
    "training_3": {
      "score": 26.73632065170653,
      "l2": 1236.5455915573837,
      "corr": -0.0027044102794295385,
      "mean": 52.02,
      "std": 6.88909282852249,
      "elapsed": 1.8006129264831543
    },
    "additional_1": {
      "score": 26.238744234388378,
      "l2": 1218.772743377534,
      "corr": 0.06835531658115072,
      "mean": 54.46,
      "std": 5.314922388897132,
      "elapsed": 1.8064725399017334
    },
    "additional_2": {
      "score": 26.97020283662375,
      "l2": 1248.867486965691,
      "corr": 0.003573451345035825,
      "mean": 50.16,
      "std": 2.9076450952617994,
      "elapsed": 1.7317383289337158
    },
    "additional_3": {
      "score": 26.990628441299148,
      "l2": 1247.603302336123,
      "corr": -0.019281197288342565,
      "mean": 50.36,
      "std": 3.735023426968029,
      "elapsed": 1.8825249671936035
    }
  },
  "best_known_scenario": "training_1",
  "grid_search_winner": "grid",
  "local_optim_converged": true,
  "best_evol_params": {
    "mean_rotation_angle_degree": 2.0,
    "std_rotation_angle_degree": 0.3
  },
  "final_score": 9.783771255785407,
  "final_l2": 378.78753939378737,
  "final_corr": -0.10401023395483038,
  "final_sim_vec": [
    170.0,
    179.0,
    161.0,
    177.0,
    179.0,
    176.0,
    175.0,
    174.0,
    176.0,
    180.0,
    178.0,
    179.0,
    174.0,
    172.0,
    173.0,
    175.0,
    175.0,
    168.0,
    171.0,
    171.0,
    178.0,
    175.0,
    178.0,
    162.0,
    173.0,
    175.0,
    177.0,
    168.0,
    171.0,
    170.0,
    174.0,
    175.0,
    174.0,
    178.0,
    174.0,
    175.0,
    179.0,
    178.0,
    174.0,
    173.0,
    178.0,
    178.0,
    175.0,
    166.0,
    175.0,
    178.0,
    177.0,
    179.0,
    166.0,
    178.0
  ],
  "elapsed_total": 1979.3775856494904,
  "predicted_scenario": {
    "wind_init_params": {
      "base_speed": 10.0,
      "base_max_rotation_angle_degree": 10,
      "pattern": [
        [
          [
            -0.6658099344957925,
            -0.7461213916828203
          ],
          [
            0.982048957797569,
            0.188626203080878
          ],
          [
            -0.8912849405436701,
            0.45344366216771226
          ]
        ],
        [
          [
            0.7794126530228735,
            -0.6265109067748508
          ],
          [
            -0.6428697930977746,
            -0.7659754755358845
          ],
          [
            0.12344876711178118,
            0.9923509469429559
          ]
        ],
        [
          [
            0.574150127683429,
            -0.8187500417594507
          ],
          [
            -0.4111578190190905,
            0.9115641764897657
          ],
          [
            0.602462161173441,
            -0.7981474452469461
          ]
        ]
      ]
    },
    "wind_evol_params": {
      "mean_rotation_angle_degree": 2.0,
      "std_rotation_angle_degree": 0.3
    }
  }
}